-- MySqlBackup.NET 2.0.9.2
-- Dump Time: 2017-09-23 10:15:13
-- --------------------------------------
-- Server version 5.7.18-log MySQL Community Server (GPL)

-- 
-- Create schema penilaian
-- 

CREATE DATABASE IF NOT EXISTS `penilaian` /*!40100 DEFAULT CHARACTER SET utf8 */;
Use `penilaian`;



/*!40101 SET @OLD_CHARACTER_SET_CLIENT=@@CHARACTER_SET_CLIENT */;
/*!40101 SET @OLD_CHARACTER_SET_RESULTS=@@CHARACTER_SET_RESULTS */;
/*!40101 SET @OLD_COLLATION_CONNECTION=@@COLLATION_CONNECTION */;
/*!40101 SET NAMES utf8 */;
/*!40014 SET @OLD_UNIQUE_CHECKS=@@UNIQUE_CHECKS, UNIQUE_CHECKS=0 */;
/*!40014 SET @OLD_FOREIGN_KEY_CHECKS=@@FOREIGN_KEY_CHECKS, FOREIGN_KEY_CHECKS=0 */;
/*!40101 SET @OLD_SQL_MODE=@@SQL_MODE, SQL_MODE='NO_AUTO_VALUE_ON_ZERO' */;
/*!40111 SET @OLD_SQL_NOTES=@@SQL_NOTES, SQL_NOTES=0 */;


-- 
-- Definition of aspnetroles
-- 

DROP TABLE IF EXISTS `aspnetroles`;
CREATE TABLE IF NOT EXISTS `aspnetroles` (
  `Id` varchar(128) NOT NULL,
  `Name` varchar(256) NOT NULL,
  PRIMARY KEY (`Id`)
) ENGINE=InnoDB DEFAULT CHARSET=latin1;

-- 
-- Dumping data for table aspnetroles
-- 

/*!40000 ALTER TABLE `aspnetroles` DISABLE KEYS */;
INSERT INTO `aspnetroles`(`Id`,`Name`) VALUES
('62ba5d34-e466-4b6d-874f-f14cf388825e','Penilai'),
('925eb379-8b2e-4501-ad47-a7a5dab2d45d','Administrator');
/*!40000 ALTER TABLE `aspnetroles` ENABLE KEYS */;

-- 
-- Definition of aspnetuserclaims
-- 

DROP TABLE IF EXISTS `aspnetuserclaims`;
CREATE TABLE IF NOT EXISTS `aspnetuserclaims` (
  `Id` int(11) NOT NULL AUTO_INCREMENT,
  `UserId` varchar(128) NOT NULL,
  `ClaimType` longtext,
  `ClaimValue` longtext,
  PRIMARY KEY (`Id`),
  UNIQUE KEY `Id` (`Id`),
  KEY `UserId` (`UserId`),
  CONSTRAINT `ApplicationUser_Claims` FOREIGN KEY (`UserId`) REFERENCES `aspnetusers` (`Id`) ON DELETE CASCADE ON UPDATE NO ACTION
) ENGINE=InnoDB DEFAULT CHARSET=latin1;

-- 
-- Dumping data for table aspnetuserclaims
-- 

/*!40000 ALTER TABLE `aspnetuserclaims` DISABLE KEYS */;

/*!40000 ALTER TABLE `aspnetuserclaims` ENABLE KEYS */;

-- 
-- Definition of aspnetuserlogins
-- 

DROP TABLE IF EXISTS `aspnetuserlogins`;
CREATE TABLE IF NOT EXISTS `aspnetuserlogins` (
  `LoginProvider` varchar(128) NOT NULL,
  `ProviderKey` varchar(128) NOT NULL,
  `UserId` varchar(128) NOT NULL,
  PRIMARY KEY (`LoginProvider`,`ProviderKey`,`UserId`),
  KEY `ApplicationUser_Logins` (`UserId`),
  CONSTRAINT `ApplicationUser_Logins` FOREIGN KEY (`UserId`) REFERENCES `aspnetusers` (`Id`) ON DELETE CASCADE ON UPDATE NO ACTION
) ENGINE=InnoDB DEFAULT CHARSET=latin1;

-- 
-- Dumping data for table aspnetuserlogins
-- 

/*!40000 ALTER TABLE `aspnetuserlogins` DISABLE KEYS */;

/*!40000 ALTER TABLE `aspnetuserlogins` ENABLE KEYS */;

-- 
-- Definition of aspnetuserroles
-- 

DROP TABLE IF EXISTS `aspnetuserroles`;
CREATE TABLE IF NOT EXISTS `aspnetuserroles` (
  `UserId` varchar(128) NOT NULL,
  `RoleId` varchar(128) NOT NULL,
  PRIMARY KEY (`UserId`,`RoleId`),
  KEY `IdentityRole_Users` (`RoleId`),
  CONSTRAINT `ApplicationUser_Roles` FOREIGN KEY (`UserId`) REFERENCES `aspnetusers` (`Id`) ON DELETE CASCADE ON UPDATE NO ACTION,
  CONSTRAINT `IdentityRole_Users` FOREIGN KEY (`RoleId`) REFERENCES `aspnetroles` (`Id`) ON DELETE CASCADE ON UPDATE NO ACTION
) ENGINE=InnoDB DEFAULT CHARSET=latin1;

-- 
-- Dumping data for table aspnetuserroles
-- 

/*!40000 ALTER TABLE `aspnetuserroles` DISABLE KEYS */;
INSERT INTO `aspnetuserroles`(`UserId`,`RoleId`) VALUES
('0f62fa26-5aa7-4b00-a1da-217315324f5a','62ba5d34-e466-4b6d-874f-f14cf388825e'),
('31ed4ae7-e52c-4723-a038-aa38ad7eddb3','925eb379-8b2e-4501-ad47-a7a5dab2d45d');
/*!40000 ALTER TABLE `aspnetuserroles` ENABLE KEYS */;

-- 
-- Definition of aspnetusers
-- 

DROP TABLE IF EXISTS `aspnetusers`;
CREATE TABLE IF NOT EXISTS `aspnetusers` (
  `Id` varchar(128) NOT NULL,
  `Email` varchar(256) DEFAULT NULL,
  `EmailConfirmed` tinyint(1) NOT NULL,
  `PasswordHash` longtext,
  `SecurityStamp` longtext,
  `PhoneNumber` longtext,
  `PhoneNumberConfirmed` tinyint(1) NOT NULL,
  `TwoFactorEnabled` tinyint(1) NOT NULL,
  `LockoutEndDateUtc` datetime DEFAULT NULL,
  `LockoutEnabled` tinyint(1) NOT NULL,
  `AccessFailedCount` int(11) NOT NULL,
  `UserName` varchar(256) NOT NULL,
  PRIMARY KEY (`Id`)
) ENGINE=InnoDB DEFAULT CHARSET=latin1;

-- 
-- Dumping data for table aspnetusers
-- 

/*!40000 ALTER TABLE `aspnetusers` DISABLE KEYS */;
INSERT INTO `aspnetusers`(`Id`,`Email`,`EmailConfirmed`,`PasswordHash`,`SecurityStamp`,`PhoneNumber`,`PhoneNumberConfirmed`,`TwoFactorEnabled`,`LockoutEndDateUtc`,`LockoutEnabled`,`AccessFailedCount`,`UserName`) VALUES
('0f62fa26-5aa7-4b00-a1da-217315324f5a','Ajn26@gmail.com',0,'ADwJ5ZaryU6ZO0lKpY67EZNf0qnmmjOh8Y9lbGQHl/a2PTIJZtwx9MCC7EpGEB0U5g==','da6527f8-5c84-4af8-bbe5-7bef648c28c9','',0,0,NULL,1,0,'Ajn26@gmail.com'),
('31ed4ae7-e52c-4723-a038-aa38ad7eddb3','ocph23.test@gmail.com',0,'ADiMKvP0Ez5Ss9Is+ciY1MwTds5hdLhA0qItaPDNtsoZpCu6YJ7UqulHYjjohEKdnA==','4a3f975c-a9d2-4a39-8684-74ef4efb4c15','',0,0,NULL,1,0,'ocph23.test@gmail.com');
/*!40000 ALTER TABLE `aspnetusers` ENABLE KEYS */;

-- 
-- Definition of detailpegawai
-- 

DROP TABLE IF EXISTS `detailpegawai`;
CREATE TABLE IF NOT EXISTS `detailpegawai` (
  `NIP` int(18) NOT NULL,
  `TamatCPNS` date DEFAULT NULL,
  `TamatGolongan` date DEFAULT NULL,
  `TamatJabatan` date DEFAULT NULL,
  `TanggunganSuamiIstri` int(2) DEFAULT NULL,
  `TanggunganAnak` int(2) DEFAULT NULL,
  `SKPejabat` enum('Presiden','Gubernur') DEFAULT NULL,
  `NomorSK` varchar(45) DEFAULT NULL,
  `TanggalSK` date DEFAULT NULL,
  `MasaKerja` int(2) DEFAULT NULL,
  `JenisKepegawaian` enum('PNSP','PNSD') DEFAULT NULL,
  `StatusKepegawaian` enum('CPNS','PNS') DEFAULT NULL,
  PRIMARY KEY (`NIP`),
  KEY `fk_DetailPegawai_Pegawai1_idx` (`NIP`),
  CONSTRAINT `fk_DetailPegawai_Pegawai1` FOREIGN KEY (`NIP`) REFERENCES `pegawai` (`NIP`) ON DELETE NO ACTION ON UPDATE NO ACTION
) ENGINE=InnoDB DEFAULT CHARSET=latin1;

-- 
-- Dumping data for table detailpegawai
-- 

/*!40000 ALTER TABLE `detailpegawai` DISABLE KEYS */;
INSERT INTO `detailpegawai`(`NIP`,`TamatCPNS`,`TamatGolongan`,`TamatJabatan`,`TanggunganSuamiIstri`,`TanggunganAnak`,`SKPejabat`,`NomorSK`,`TanggalSK`,`MasaKerja`,`JenisKepegawaian`,`StatusKepegawaian`) VALUES
(12345643,'2017-09-11','2017-09-25','2017-09-16',1,2,'Presiden','sdasd','2017-09-24',3,'PNSP','PNS'),
(12345645,'2017-09-11','2017-09-25','0001-01-01',1,4,'Presiden','123456','2017-09-24',3,'PNSP','PNS'),
(123456789,'2017-09-19','2017-09-20','2017-09-12',1,1,'Gubernur','124555','2017-09-20',2,'PNSD','PNS');
/*!40000 ALTER TABLE `detailpegawai` ENABLE KEYS */;

-- 
-- Definition of detailpenilaian
-- 

DROP TABLE IF EXISTS `detailpenilaian`;
CREATE TABLE IF NOT EXISTS `detailpenilaian` (
  `IdKriteria` int(11) NOT NULL,
  `Nilai` double DEFAULT '0',
  `Id` int(11) NOT NULL AUTO_INCREMENT,
  `IdPenilaian` int(11) NOT NULL,
  PRIMARY KEY (`Id`),
  KEY `fk_DetailPenilaian_KriteriaPenilaian1_idx` (`IdKriteria`),
  KEY `fk_DetailPenilaian_Penilaian1_idx` (`IdPenilaian`),
  CONSTRAINT `detailpenilaian_ibfk_1` FOREIGN KEY (`IdPenilaian`) REFERENCES `penilaian` (`IdPenilaian`),
  CONSTRAINT `fk_DetailPenilaian_KriteriaPenilaian1` FOREIGN KEY (`IdKriteria`) REFERENCES `kriteriapenilaian` (`IdKriteria`) ON DELETE NO ACTION ON UPDATE NO ACTION
) ENGINE=InnoDB AUTO_INCREMENT=31 DEFAULT CHARSET=latin1;

-- 
-- Dumping data for table detailpenilaian
-- 

/*!40000 ALTER TABLE `detailpenilaian` DISABLE KEYS */;
INSERT INTO `detailpenilaian`(`IdKriteria`,`Nilai`,`Id`,`IdPenilaian`) VALUES
(3,70,22,8),
(8,85,23,8),
(9,70,24,8),
(3,44,25,9),
(8,100,26,9),
(9,66,27,9),
(3,0,28,10),
(8,0,29,10),
(9,40,30,10);
/*!40000 ALTER TABLE `detailpenilaian` ENABLE KEYS */;

-- 
-- Definition of kriteriapenilaian
-- 

DROP TABLE IF EXISTS `kriteriapenilaian`;
CREATE TABLE IF NOT EXISTS `kriteriapenilaian` (
  `IdKriteria` int(11) NOT NULL AUTO_INCREMENT,
  `Nama` varchar(45) DEFAULT NULL,
  `Keterangan` text,
  PRIMARY KEY (`IdKriteria`)
) ENGINE=InnoDB AUTO_INCREMENT=13 DEFAULT CHARSET=latin1;

-- 
-- Dumping data for table kriteriapenilaian
-- 

/*!40000 ALTER TABLE `kriteriapenilaian` DISABLE KEYS */;
INSERT INTO `kriteriapenilaian`(`IdKriteria`,`Nama`,`Keterangan`) VALUES
(3,'Orientasi Pelayanan','Pada umumnya dapat menyelesaikan tugas pelayanan dengan baik dan sikap sopan serta memuaskan baik untuk pelayanan internal maupun eksternal organisasai.'),
(8,'Integritas','Pada umumnya dalam melaksanakan tugas bersikap jujur, ikhlas, dan tidak pernah menyalahgunakan wewenangnya tetapi berani menanggung risiko dari tindakan yang dilakukannya.'),
(9,'Komitmen','Adakalanya berusaha dengan sungguh-sungguh menegakkan ideologi negara pancasila, Undang-Undang Dasar Negara Republik Indonesia Tahun 1945, Negara Kesatuan Republik Indonesia (NKRI), Bhineka Tunggal Ika dan rencana-rencana pemerintah dengan tujuan untuk dapat melaksanakan tugasnya secara berdaya guna dan berhasil guna berhasil guna serta mengutamakan kepentingan kedinasan daripada kepentingan pribadi dan/atau golongan sesuai dengan tugas, fungsi, dan tanggung jawabnya sebagai unsur aparatur negara terhadap organisasi tempat dimana ia bekerja.'),
(10,'Disiplin','Pada umumnya mentaati peraturan perundang-undangan dan/atau peraturan kedinasan yang berlaku dengan rasa tanggung jawab, mentaati ketentuan jam kerja serta mampu menyimpan dan/atau memelihara barang-barang milik negara yang dipercayakan kepadanya dengan baik.'),
(11,'Kerjasama','Pada umumnya mampu bekerjasama dengan rekan kerja, atasan, bawahan baik di dalam maupun di luar organisasi serta menghargai dan menerima pendapat orang lain, bersedia menerima keputusan yang diambil secara sah yang telah menjadi keputusan bersama.'),
(12,'Kepemimpinan','Adakalanya bertindak tegas dan tidak memihak, memberikan teladan, cukup mampu menggerakkan tim kerja untuk mencapai kinerja yang tinggi, serta cukup mampu menggugah semangat dan menggerakkan bawahan dalam melaksanakan tugas serta cukup mampu mengambil keputusan dengan cepat dan tepat.');
/*!40000 ALTER TABLE `kriteriapenilaian` ENABLE KEYS */;

-- 
-- Definition of pegawai
-- 

DROP TABLE IF EXISTS `pegawai`;
CREATE TABLE IF NOT EXISTS `pegawai` (
  `NIP` int(18) NOT NULL,
  `Nama` varchar(150) NOT NULL,
  `TempatLahir` varchar(100) NOT NULL,
  `TanggalLahir` date NOT NULL,
  `NomorKartuPegawai` varchar(45) NOT NULL,
  `Pendidikan` enum('SMP','SMA','S1','S2','S3') NOT NULL,
  `PangkatGolonganTerakhir` varchar(100) NOT NULL,
  `JabatanAkhir` varchar(100) NOT NULL,
  `Asal` enum('Papua','NonPapua') NOT NULL,
  `JenisKelamin` enum('L','P') NOT NULL,
  `Foto` longblob,
  PRIMARY KEY (`NIP`)
) ENGINE=InnoDB DEFAULT CHARSET=latin1;

-- 
-- Dumping data for table pegawai
-- 

/*!40000 ALTER TABLE `pegawai` DISABLE KEYS */;
INSERT INTO `pegawai`(`NIP`,`Nama`,`TempatLahir`,`TanggalLahir`,`NomorKartuPegawai`,`Pendidikan`,`PangkatGolonganTerakhir`,`JabatanAkhir`,`Asal`,`JenisKelamin`,`Foto`) VALUES
(12345643,'Sulaiman Sudarto','asdasd','2017-09-09','12312312','S1','S','as','Papua','P',0xFFD8FFE000104A46494600010101006000600000FFDB004300080606070605080707070909080A0C140D0C0B0B0C1912130F141D1A1F1E1D1A1C1C20242E2720222C231C1C2837292C30313434341F27393D38323C2E333432FFDB0043010909090C0B0C180D0D1832211C213232323232323232323232323232323232323232323232323232323232323232323232323232323232323232323232323232FFC00011080096009603012200021101031101FFC4001F0000010501010101010100000000000000000102030405060708090A0BFFC400B5100002010303020403050504040000017D01020300041105122131410613516107227114328191A1082342B1C11552D1F02433627282090A161718191A25262728292A3435363738393A434445464748494A535455565758595A636465666768696A737475767778797A838485868788898A92939495969798999AA2A3A4A5A6A7A8A9AAB2B3B4B5B6B7B8B9BAC2C3C4C5C6C7C8C9CAD2D3D4D5D6D7D8D9DAE1E2E3E4E5E6E7E8E9EAF1F2F3F4F5F6F7F8F9FAFFC4001F0100030101010101010101010000000000000102030405060708090A0BFFC400B51100020102040403040705040400010277000102031104052131061241510761711322328108144291A1B1C109233352F0156272D10A162434E125F11718191A262728292A35363738393A434445464748494A535455565758595A636465666768696A737475767778797A82838485868788898A92939495969798999AA2A3A4A5A6A7A8A9AAB2B3B4B5B6B7B8B9BAC2C3C4C5C6C7C8C9CAD2D3D4D5D6D7D8D9DAE2E3E4E5E6E7E8E9EAF2F3F4F5F6F7F8F9FAFFDA000C03010002110311003F00F5CC518A28AD8C028C52D1400628C514C9E78AD6079E7916389065998E00A007E2A39668ADE3324D2A4683AB3B0005701E21F887364DAE811C7BCA9CDCCE3E55F7503AFE3C579A6A69AE6A25E4B9BE96EDA5E5DDDB0BF80CF4E3D2B29558C5D8D634652573DDDBC53A0ADDC76ADAB5A09E43854320C9FF0038A960F1068F7379F638353B592E79FDD2CA3771D78AF9B86827979675964032AAB9C9FCB9A8AE34CF2104D1A4A8C39DCCD8E7DAA7DBAEC5FD5DF73EA8A315F3E5A7C5BF10E850C56D7090DDAA0000946188FA8EB5EB1E0CF1E5878BAD7E55FB3DE281BE066CFE2A7B8AD5493D8C5C5ADCEAB14629D8A4AA26C371498A7D2114086629B4FC53714C06D14B8A28026A29696914262968A5A4031DD228DA4760A8A0B33138007AD7CF9E38F1DDDF88F579ECACE561A5C2C563DBD24C7F11F5F6AF40F8BFE236D27C3A9A640FB6E350255981FBB18EBF9F4FCEBC1AD55E306627233F2E6B2AB2D2C8DA942FAB34D1E489C17B9C9639C6E396ABD6B7909B83249F78FCA378DFC7B03C67F0AC166909DE539CF07DAA40B3960C14E4F7C57333A91D60BC896120000BB614903F9537CD82425AE2E03B90705F0028F6CD604535C2004C4F81D491565A591916468776D39E464D45D15A991A9D9456F79E63C52C986CE19F25BDA92C2FEE6CEF23B988BDB4CA7316C3820D74819EEED5D96D9642790AC318FF001A89345BCB956668E3DC07F07254FBD69CFA10E9DD9ECBE04F1B8D7ED92D6F46DBD518DC071263FAD76F5F3AF872E1AC56E5E062B71136F5CF5C03D457BCE81AAC7AD68B6F7C98FDE2FCC3D187515BD2A9CFA3DCE6AD4B9355B1A18A4A7D34D6C6230D34D3F1498A648CA29D453025A5A052D4941452E2823E53F4A00F9AFE22EAEFAFF8DAE94E4416A4DBC609F43827F139ACBB3B0FB44AB14437EE2028C7E546A5692FF6FEA1BF713F6A93AF52771AEF7C07A4C4D75E6150DE58001FEB5C15A766CF46842E923374BF03CF7BA83C670234037B63BFA5777A6781F4EB4506487CD71FDE1C0AE9EDADE38462340371C9F735A288B8AE5D65BB3B3DD86C8E6A5F0D58CC361B440318181D2A13E0EB145F92DD467B62BB008B8E94A578A3D9A1FB467053782A058FCB8D4A6460EDF4AB7A678760B2931E50DB8C608AEC0C449CE2A2962F6A7C84F3DCF20F16E8A9A3EB31DDC185826C8718E01AE83E135E32C3A8E9ACC71148244527A03907F90AB3E3AB3FB668372A07CE8A596B98F84178D71AE4BCFDEB5C3FD4115BE15BE639B1715CB73D9E9B8A7E29315E89E60CC521A7914D340119A29C4514C925ED4B8A052D228314B452D033E74F88ABFD9DE3FBE8D08FDE625207FB401AEDBE1C205D0CC879766E4D3FC75E075D73C453EA56E64FB4471A6E5C7CAC31818F7AADF0F4C905BDD594C0892190822BCDC449393B1EA61A2E295CEFD24C115696E628C01248ABF5359D35BC93478497CB1DC81CD717AA304B99E3805CCBE4AEF95C364A8E9CF6039F5FC2B08DF63A656B5CF4E8EE6D9C7CB2A1FA3549953C8208AF18D2AD6EB53896FA3175F66F3361C49D08FA1AF4CD1ADE482009E61C60001AAEFADAC67CBA5EE6D1B98E11976503DCD616A7E32D1ED328F73196F4539AE5FC79A95CDB2FD8D012CCBBB39C0C570B6BE1FBA7D6CDA48F006DBBCCE57CC55EBDCF18E074F5F5A716E5A2264946CD9E8573AD69BACC124504F991D48D8C3935CF7C11D31A3B8D66F1C708E204FE67FA541E1A866338F3EDD7CC89CAEF41F29AF40F87DA5C7A67879828FDE4B712492FD738FE4056985F8D99632FC88EAA929D495E81E68CC5348A79A434C43314529145004B452D140C052D14B480C9BB9112FF00CB73B3CD23E6FC2B0E4D3E1B2D626B845DB25C2A97C7438CD751776A93E1D973B4722B9FD4993C88658E41208CEDDC0E735E6622128C9B3D6C34E328AF22FC055930475AAB3E990492B30551BC61863A8A75949BD4735AAB6FBA3DD5947DE4744BDD673F6DE1E8A2650840456DC100E335AE83CB9579E01E69ECEB0B0C9EF4C3969323A03C67BD3B215DBDCC9F13E9A97B756F230C15182D5145E1E82488061C7B56BEA8CBE57CC4271D4F6ACCD175F8AE8C96EF859A16DAC3B1F71434B9B508F372E8584D2EDB4EB231C48140E6B4740082C4841FC449FA9AC5D6F50115B31CE2BA3D2AD7EC9A6C319CEF2A0BE7D4D6F8657A975D0E5C5BB53B3DD96E9A69F4DAF40F306D21A7521A621868A5A2802414B476A5A430A28A281875E2BC8BC3B66FA3F89BC5DA44870BF695BB833DD5F3FE02BD7AB1355D0ED65BC7D5910ADDF93E43B03C32672011EC7F9D635E3CD4D9B61E5CB5119362DB14104D6D0BBF2EDD9893851DAB12D57CBDD19ED5A518DDF2E383823EA2BCD8E87AADDC87ED187F3244258F41D96AA5D5CBDBEEB9C4859470A19B1F967153DCE9D3CAFE65BDDC90B83C8500AB7D723F9553B95BB862C4D76AB8EED568D21052FB4739AA4DAE78899488CC3681B956E0B7D6A2B01359EA6D8886179700F38EF57AF1A19A02B36A4DB88E3C9C71F9E6AA5A4769A5C7FBB323993FD649236588F4F6A99A2A7050D9962FE66BBF10DAE9DD55E640C3DB22BD4EBCAFC30AFAAF8D52E769C29695BD80181FCC57AA576612368B67938C95E6909494B45759C83690D3A9A69886D14514089052D14521852D252D03169CA9BF82323BD73FE2DF15D8F83F463A8DF07652E238D11492EC7B67A0E3279F4AE834CBBB6D4B4EB7BEB3904B6D711892371FC4A46452608C3D4F4996DDBCF846E41D401CE2AAC13AB715D9E3D6B1754D15655335A00930E768E86B967416F13B69E21AD246645200C7735477B1437916D6556FA8ACC92592263E6A95F5A5FED148A2E5C73DF35CEE274465A9506896F6CCCC63503B0C5737ABC8AB20451F2938C0AD9D535E516EC15D7A64E0D2F813494D56F25D56F537790C3C843D327F888FE54A14F9E561D4ABCB1B9D1782F427D274E6B8B940B75738665EE8BD97FA9AE9E8A2BD28C545591E54A4E4EEC4A4A5A4AA1094DA7534D310D345068A044B4514E54DDDF148A1B4BF5A9846807249F71527908EB946A570B181E24D0EDFC47A05D699791868A55E0E39561D187B8AE7BE1C41A8F8637F86EF899EC725EC6E4738EED1B7A7A8F5E6BBB11B8241E9549E35B59F76D1E5B107FDD355A35616A9DCD9A69A48E40EA1877A71A82CCDBFD321BB05B0164FEF63AFD6B95BCD06DE4668A7842B7A8AEE1AB3B52B4173030CED703E57F4ACAA5252D56E6D4EB3868F63C9B5BD22D34F976C632CDEA735DEF826C5AD7C3CB2B8C35C379B8F45E8BFA0CFE35C237D86FBC4725AEA7ABD95B244E04F249748A36FA2927A9E9EA2BD6ACCDB4968A6D248A4830046D1302B8ED8238A8C3D36BDE917889A768C47D14525751C814DA5A4A000D36969281094514531132216ED56110A8A955401520150D9A245768C91C715102F13E4F23DAAE9506A223B1E45170B02BAC82A39600EA548C8348F011F3464823B52473F3B5B83407A945277D3EE1229CE6090ED57FEE9EC0D6A3C891A16919554772702A29E18EE6268DD432B0C106B9F9F4FDB7C3EDAD24D1FFCB2776E17DB1D3356ACF725DD6C68DCEB3180C2D6269D80FBD8C2FE7FE15E0BE3CF157892EF5F3A66A37DF63B664DD143684A230248F98E724F07BE2BDE943C00294DF163AA8E4579EF8FBC170F892D2E6785F6DEC0B9B5C6064F5C1FD7F4AA8D8895CF04B8B2782E19586411946F506BBAF83DABEA3A678A1ED6390B69F28C4D09278F42A3D6B9285E4B9B66866429736EFB1948C11D88C7E15D0FC369D5BC796D042EA64B84206064065F9B9FC14FE74ECAE2BBB1F4F001806EFEB4D2839C8EB4917CB1A81C6074A973589A95CC7E94C208ED56F00D1B053B858A549566483232BD6AB11838A6992D094514502353A8E0E29A43AF39047E5451526A3D24DC2871C6EEDDC51451D43A09C83F4A86E220E8641C114514010C329E86A5911268CA48A0A9A28A048A91EEB69FC863BD08CA9EE0567788545B5B09C0054BAE477EB451571F89112D99F3EF8834A792EDB5726211CE76C91E0F2C0673F97EB54FC1D726C3C79A54D18036DDA2103D1BE538FC18D1456B5119419F5321E334F068A2B9CDC78A776CD145031473C7AD54B94C10C3BF5A28A684F62BD14515441FFFD9),
(12345645,'Chandra Wiranata','Arso','2017-09-11','12312312','S1','S','Kepala','NonPapua','P',0xFFD8FFE000104A46494600010101006000600000FFDB004300080606070605080707070909080A0C140D0C0B0B0C1912130F141D1A1F1E1D1A1C1C20242E2720222C231C1C2837292C30313434341F27393D38323C2E333432FFDB0043010909090C0B0C180D0D1832211C213232323232323232323232323232323232323232323232323232323232323232323232323232323232323232323232323232FFC00011080096009603012200021101031101FFC4001F0000010501010101010100000000000000000102030405060708090A0BFFC400B5100002010303020403050504040000017D01020300041105122131410613516107227114328191A1082342B1C11552D1F02433627282090A161718191A25262728292A3435363738393A434445464748494A535455565758595A636465666768696A737475767778797A838485868788898A92939495969798999AA2A3A4A5A6A7A8A9AAB2B3B4B5B6B7B8B9BAC2C3C4C5C6C7C8C9CAD2D3D4D5D6D7D8D9DAE1E2E3E4E5E6E7E8E9EAF1F2F3F4F5F6F7F8F9FAFFC4001F0100030101010101010101010000000000000102030405060708090A0BFFC400B51100020102040403040705040400010277000102031104052131061241510761711322328108144291A1B1C109233352F0156272D10A162434E125F11718191A262728292A35363738393A434445464748494A535455565758595A636465666768696A737475767778797A82838485868788898A92939495969798999AA2A3A4A5A6A7A8A9AAB2B3B4B5B6B7B8B9BAC2C3C4C5C6C7C8C9CAD2D3D4D5D6D7D8D9DAE2E3E4E5E6E7E8E9EAF2F3F4F5F6F7F8F9FAFFDA000C03010002110311003F00E7DFF7CC3000A6B4181D45468C49EB56361618AC4B2B6101C1C5125A065DCBCD13DA3988952735145F6E8C2A04C827BD34263A0B7393B96A66B65238041ABE911D8BBD7071CD4DB6355E7143616313C860DC03532C271CD5A92EAD925099E4F7C702A1B8B811328D8C430F9768CE7E9EB4B987CAC41083D69AD6A09E0D654BAA319C0549235CE0F988579AD38E70CE226CABE320E32AC3D88A7CC85CAC6B5AF63486DBE5EB575648645D9E60F307F09E0D46FF0028AA5A92F4281818537C8E7A55B249524541E6F3D298AE38200314145F4A69929AD26290C56551DAA165CF4A73482A312AEEC5000226EB91452198E78A2988B70AC8003D2AE2B37AD48B02FAD3C400756A8B9761A09C53C4A548C76A52AA075A8D940070726802D198C8BEF5817FAD7912F95047E6B9E33BB8CD5DBABD8EDAD37B64EEE00C7F3F4AC4B3B0B9BAD43CFF0025186EFDDE48001E838A894922E31B924BF6C963898B8691BA056C01EDCF7EB56618276853CD90145E0A86C0FAE4119FAD741A7785AEAFA5432B0F2467E58D768CD76D61E13B58D079A0B11F80158B9F63A234FB9E5F7762D75649879893904EE386C74C7A1C63B11D6974CB4C59496D70EC42E4A1718DBC7041F51CF23F118EBEB8FE1CB2918195159410426C180477A7CBA0D84A9B1A018F6E08FA1ED53CECBF668F164B66B859774D89231CE410518F46FA1E9F975EF1DBEB69BFECD778F395B6EE53C1F7AF48D57C0EC8FF0068D36508CA08F2E41F2B03D471D01AF2ED72CAE2DEEDE2BEB358CE3F76E7EFA11FC24F71C77E7A76CD6D09EA615297737D233B32BCAB743503C07774AC2D0F5D104E914A000C40C763FF00D7AED1D2270194E411915BDCE671B1902DCD235B37B56A1838EA298F1E17A8A2E16325ED8E3150FD98E7AD6BF91BBB8A61B5CE7E6145C2C65180D15A26D883F785145C2C4CA5BD4D48559973934C5653D2A5DC40AAB10D95A4472BD4D5076951F21CE2B549E2AA5CC01ADA52067E4271F85025AB327649AB5EC16D1B302E4283EC7A9AF4AD2FC35687614509B78CE339FE95C5F84ED55B51F346184700191EA4E3F967F3AF5DD26D8F94A315C1377958F4E94528DC9AC6C63B65DA8327B93DEB51233F4A920B70ABDBDEAC08BDEAD406E45330E4FAD020E0715A31DBEEE4F4A7B4014719A7C84AA88CA780E30C38AF3BF88BA509ADE39238F2E721997A9E38AF5365C8AE6FC496A25B4D8C38EB903A54EC37AA3C067D121F2A39B2D1C81C46CA07F17AFF0051F5EF5D0ADCE51707381D41A75F8B8B6BA984A0C908E4103A6071F97F9E9458DB2C96EAE83E53C8E2BA68BBB38B10ACAE42F3CA7386603D335189A43C6E35A9F635A635A257458E4E62929908EA6936CB9EA6AF88820A4DBCD1CA1CC51C38EA5A8ABA42F71453B073104648353EEE2AA09D55493DAA38F518D9B04D65737B2343AF6A50991500BB8B6E7B54773A9C36F06F073ED4865EF075B08EF6E907DD07033DF04D7AA69CFB76A9E8735E41E09D4C4FE209D0F471B80FC7FF00AE6BD66CD4865193D38AE19E9367A34ECE99D0C2E00E7BF3521942919AAB091D0F353108D2019ED5B2D88695CB092B36001C54E4122AA7DA62B704B9DAA0649AA4DE26B2793CA844B23F60B1939AABAEA4D9F4469919E08AC9D5AD7ED967244AC55B1C11DEAC26A41B978644CFAAF3F9548CBBC120F5A87AEC5ABADCF15D76D2EE1BD236139E18A8E1FDFEB8EBFE4D53D121BA3673AC56F2BC70C8433AA120700D779E33B75C4722463CC76C0E38273FE3CFE75D6E99A52E95A1416A8BFEA946F238CB13927F3CD3A52717A11529467A33C83CC63DE9A739EB577C496BFD9DE21BC8146D8F7EF41E81867FAE2A8265FA1CD77A77573C9945C5B4C470D50B67357C5BBB0A4366F9E39A62B9439A2B43EC2EC3A51405CC2942EC39EF597F667F33E5CE2B48B164C1151A920F4AE73AC58A0C45B589A864B646428DC8AB424E3A5070C3A5171585F0CD91B4D652EA36C85CA98FB9041C7EA2BD3B4CFED6D4215962B88ECE3EA59C6E27E9E9F8D79B6993791AADB0CE15E50A49AF408AD0DC5F471B9CDA247FEA0B61589CFF002C8AE4ABFC4D4EFA1FC3D0DE4B992DA511FF006B5A5CB8EA81806FCB35A1A6DF7DAE76418241F5E95C6695E13B6B09DE49A58A70A7E55F214003695E4F7E09FC79ED5A5E1F2B6DAA4A216664450373F56E7A9F7C539249AB32A1CD25EF2B1D4EA2121469245CAF707A572F7FE20D4ADAC1AEF4DB7B5F2C3ED0A7E673C1E768238CE072475AEBEE144F1147E55873C562C3A6B5ACE5879722E7231953FD69ECEE1CB78DBA94F46D53C497B0B4B756D16D0C3E5922311DB81CF539E723D38AEAE260D10254AF1D09CD470979140D817DB393529181834E5BDD12934ACCE4FC66B8D344C109292A91B464E738AE8CB4F05D5BC2D31912605883D506391F4CD53D46D9278648654DE8486C1F639ABEB2C5058497F70EB8285DDB1F7540E9FA54C77346EC796F8C4897C4F7409E50227FE3A3FC6B042B21CA9A76A5A835FEA57378C306690BE3D01E83F2A8524C8AEF8BB248F1AA3E69B65A5BB9471C55886E8FF10AA5D4645197E82AAE458D65BA5C738A2B2C6FF7A28BA0B332B1834C61CD4C48A69193589D3718B8C5231A5380D807346D62338A02E405CAB2B8FBCA430FC2BD9B47F2A64F9914F030715E2F2B041CF35EBBE139D26B68C93F31407F315CD596A99DB85774D1B5756E046590738C649AC0D10F99AD4EA1B200C1FAE6B775AB8D969E5A705BBD731A15DDB596ABB2E3E5F3470E460023DFA73593F891D71D8EEBCCDBC919069925DC31B032A6C5CF2DE9F5A55B989DF6DB947006412FC53C46AECC65404918C0E4015A59F4336D75346DCC2F182A41CD4770A09C06C7BD62B417363297B06568BBC12363F23DBE95A163751EA1179AA195958AB2B75561D453BDD588B59DD0D9509049E4F7AF3EF1B6B573198F4643E5DB84F31C8EAF963807D862BD1E600678ED5E4FE3923FB7D0FF00D301FCDA882F78CEABF70E74118A7A72DD2A156E6ACC6E3DABA0E32655F6A9152A212D49BE801594E68A6B483D68A056465F0B55DDB353BB0F5AAEE4019AAB8AC1182873D69CD39E462A1F37069ECCA6224119A4D82444FB5B9EF5E81E109B7D9DAC8AD8319F29C7D3A7E98AF3CDF5B9E15D6469DA898A66C4131C127A2B763FE7DAB1AD1E68E9D0E9C3CD425EA7A7F88A2B88D607C6E8581CE3A83FFEAAC5B6B8D22793CA6BB81E653F714876FC864F7AEBED6F22BCD34C321C9DB956EE2B87BFD3D24D5C5CAAAA5D74F317E52DE8722B99D933BA2EFA1D7DA4B0CBE447696B3B391F21F27606F5E4E055FBABD9AD23CDC0B680B2B950F2166254818C01CF5ED9AC5B15D4FCB8C7DA6505092AC594F2739ED9EF5AD6DA642CDE6DCB19A5EA598924FF00F5BE95AA7A1128D9EACCC806A3AC4E646716B62080AAAB8925F524E4ED5F61CFBF6ADAD3A05B549828C6F90B558D806154609E0629928DA4ED3D2A7ADC96F4B21B7B702384F724702BCBFC756EC35CB71DFECE33F5DCD5E868A6E6F724E638FF0056AE2FC73099356DF19CBC36EACC98E7696619FC0D694F5918D5D2071EB6C48EB52A5A1CF5A45948A916639AD8E51E968C2A61081C114C13B678152EF2C32698119B75F5A2A4049A28039E7C542E060D5868C530A0DB8A2E09149B1480F6A9DA303B5204F6A571D88F6E69AD19A26BEB5B51FBE9917DB3CD67C7AB49A9EA3158E9EA0173CC8FD8773401DB7877C4D7361E55ADCBEF8A47F2A227EF03827F11C575B6F3C578CD1C8C378E5181EA2BCDB5743656B6134596FB3DD8663B719FDD86E4FB8CE0575DB5E58A3BCB36CE7E618FA5736221CB24CECC3CDCA2FC8EEACC923CB56C9F6ADAB75C20E4D719E1DD7EDD65F2AE5846FD3E6FE55D33EB36701DC6E1369E40CD286DA9A499ADB846A5CF6E99ACD9EEC90123FF0058FD33DBDEA83EACF7F2F916A8C477EDFF00EA15AFA7E9DE48324A7748C39269BD74467E6C7DB5B88201F4AF3CF16BF95F10F42DCDFBBBB8A5B5914900104FBFD6BD365215493D05794DCDC2EBDF12ED6E227FF42D3830320E71B465D88EEB9DA0FE35B508B75124615E4953773165B6105D49138C6C6C73532C71FA0AB5AF21874C1A979648822479D1072158F51EA0647E158B61AB585F0CDBDC2B1FEE9E08ADAAD3709347352A8A714CD6544073B454A42E38515592E22DF82E29ED77029C7982B3351D8F6A2A26BB8BA86CD14C57473E5E9924A154B12001DCD625EF886DEDF2907EF5C77EC2B9DBBD4AEAF49F3643B7FBA3814EC074977AFDAC04AA6657FF0067A7E758777ADDE5CE555FCA43D97FC6B380E28C53B00D20B1CB1C9F535D9F81AD1A38355D4F0DFB983CB56E300B7D7DBD2B8FAF44F074118F09DC02D08927B90BCA966C0563F874FC6AE2AEC893B235F5083FD1EE3CC462B6D2DA5DB090F9891A32846661DC9C8E3B574BA1591B190DA31DD6C246FB3C98C074C02073C83820E0F622B1EDEDBEDD1585BAC51335FE9063112BE023A749253EBDEAA3F8D2C9AFB4BB613DDDCDF88544EDB37626190140EBD323BF04771575E929C6DD4CE856709DFA1DF4BE1EB1BACB18C1FC706A7B5F0ED8A100C4FF00F7F0FF008D3B49D52DF50B71242E186769EC41EE08EC7DAB66355EA0FE15E6F2D9D8F51C93572C58595B59C41618D5075C0ABA5C63D8565C9796F68A5A59957D89AE6B55F18A7D9E55B7758940C2BB1C33FAEDCF031EA7F5AD2316DDA2672928ABB2D78B357B9971A46921A4BDB8F918C632514F535836704567A65E5CDA3B2C7232E99A75C32818C9C482403D493CFB5731A6F8D749B7BED404C2E05DBA18EC6F55B8121CE4F2013D7A903A91815DD436C2DB56D1F4F678621696C6E6594F36F72C47F10ECC79E4D7A985A2A1ABDCF2B1559D4F763B156FE08E51AE5808985BC36AD6FE595F3021444381DF1F3641F7AF9E14B44F9562ACA7823822BDFED981D2EE2E19115E6B59EE023485597CC900081BD4050467A86AF029FE59E518E8E460FD68AEB6161DDDB34ECBC453C2C16E81993D73F30AEA2C6E2C35001A0B8CB77463822BCFC00C7078CF4A45668DC3212187420D731D2D1EACB02A8C734570D65E2EBEB48FCB976CE00C02FD47E34548729CE814B4514160294514530148C735EBDE15B392DE3D22C3CED9E65CC5266351800C2493EEDCD145694FA9955E855BCBF367E1F892CD8C4F65733085B6824A972B963DCF078E83AF5E9C85EB1F0E6A90DE6973C831B647495430DE7AE3D4738E7D68A2BAE514E9EA71C64D54B23A84F17EA578CB746E0DB2DE48AB225BA6002BC1382707B7F915D05DF8DE4D31E5B579257B7853F76E91E2594FFB659C81F80A28AC9D38FB35A1AC6A494DD99C9EA9E39BAD4B7DADA868A4DB895E401B0011F77DCFE1C7AD656B5AB5E5E98B4E7B89A63699479269092CE7EF63D14700018E00E99345153CA93B24573396AC2F347FECCB0B1BFBDF2E54B888C90451F41D40DD9F719C0FCEB67C15E2EB9874AD674DB9DF7124B02C7BDCEE1E5EE0A41CF3B86EE0FE07B5145744BDD9C12EAB5FBCE687BD4A4DF4D8F4AD56CFCB96FF004D818320B4B5B7884A321A3DDCABFB8EC4735F3F5DA8FB75C1DA06657C01D07268A2B2AFF0AFEBA237A1F13FEBAB2B919A8C8A28AE53AC61145145203FFFD9),
(123456789,'Yaquin','Jayapura','0001-01-01','1234565','S1','IIA','Direktur','Papua','L',0xEFBFBDEFBFBDEFBFBDEFBFBD00104A46494600010101006000600000EFBFBDEFBFBD004300080606070605080707070909080A0C140D0C0B0B0C1912130F141D1A1F1E1D1A1C1C20242E2720222C231C1C2837292C30313434341F27393D38323C2E333432EFBFBDEFBFBD0043010909090C0B0C180D0D1832211C213232323232323232323232323232323232323232323232323232323232323232323232323232323232323232323232323232EFBFBDEFBFBD00110800EFBFBD00EFBFBD03012200021101031101EFBFBDEFBFBD001F0000010501010101010100000000000000000102030405060708090A0BEFBFBDEFBFBD00EFBFBD100002010303020403050504040000017D0102030004110512213141061351610722711432EFBFBDEFBFBDEFBFBD082342EFBFBDEFBFBD1552EFBFBDEFBFBD24336272EFBFBD090A161718191A25262728292A3435363738393A434445464748494A535455565758595A636465666768696A737475767778797AEFBFBDEFBFBDEFBFBDEFBFBDEFBFBDEFBFBDEFBFBDEFBFBDEFBFBDEFBFBDEFBFBDEFBFBDEFBFBDEFBFBDEFBFBDEFBFBDEFBFBDEFBFBDEFBFBDEFBFBDEFBFBDEFBFBDEFBFBDEFBFBDEFBFBDEFBFBDEFBFBDEFBFBDEFBFBDEFBFBDEFBFBDEFBFBDEFBFBDEFBFBDEFBFBDEFBFBDEFBFBDEFBFBDEFBFBDEFBFBDEFBFBDEFBFBDEFBFBDEFBFBDEFBFBDEFBFBDEFBFBDEFBFBDEFBFBDEFBFBDEFBFBDEFBFBDEFBFBDEFBFBDEFBFBDEFBFBDEFBFBDEFBFBDEFBFBDEFBFBDEFBFBDEFBFBDEFBFBDEFBFBDEFBFBDEFBFBDEFBFBDEFBFBDEFBFBDEFBFBDEFBFBDEFBFBDEFBFBDEFBFBDEFBFBD001F0100030101010101010101010000000000000102030405060708090A0BEFBFBDEFBFBD00EFBFBD110002010204040304070504040001027700010203110405213106124151076171132232EFBFBD081442EFBFBDEFBFBDEFBFBDEFBFBD09233352EFBFBD156272EFBFBD0A162434EFBFBD25EFBFBD1718191A262728292A35363738393A434445464748494A535455565758595A636465666768696A737475767778797AEFBFBDEFBFBDEFBFBDEFBFBDEFBFBDEFBFBDEFBFBDEFBFBDEFBFBDEFBFBDEFBFBDEFBFBDEFBFBDEFBFBDEFBFBDEFBFBDEFBFBDEFBFBDEFBFBDEFBFBDEFBFBDEFBFBDEFBFBDEFBFBDEFBFBDEFBFBDEFBFBDEFBFBDEFBFBDEFBFBDEFBFBDEFBFBDEFBFBDEFBFBDEFBFBDEFBFBDEFBFBDEFBFBDEFBFBDEFBFBDEFBFBDEFBFBDEFBFBDEFBFBDEFBFBDEFBFBDEFBFBDEFBFBDEFBFBDEFBFBDEFBFBDEFBFBDEFBFBDEFBFBDEFBFBDEFBFBDEFBFBDEFBFBDEFBFBDEFBFBDEFBFBDEFBFBDEFBFBDEFBFBDEFBFBDEFBFBDEFBFBDEFBFBDEFBFBDEFBFBDEFBFBDEFBFBDEFBFBDEFBFBD000C03010002110311003F00EFBFBDEFBFBDEFBFBD28EFBFBD02EFBFBD28EFBFBD02EFBFBD28EFBFBD02EFBFBD28EFBFBD0EEFBFBDEFBFBDEE9E9AEFBFBDEFBFBD710311EFBFBD2D6655EFBFBD0078EFBFBDEFBFBDEFBFBDEFBFBDEFBFBDEFBFBDEFBFBD0754EFBFBD574D10EFBFBDEFBFBDEFBFBD18EFBFBDEFBFBD03EFBFBDEFBFBD7DEFBFBDEFBFBDEFBFBD04EFBFBDEFBFBDEFBFBD681A17EFBFBD200C57DC8048EFBFBDEFBFBDEFBFBD45EFBFBDEFBFBDEFBFBD45EFBFBDEFBFBDEFBFBD2DEFBFBD4A5A24EFBFBDEFBFBDEFBFBDEFBFBD655724EFBFBD3815EFBFBDEFBFBDEFBFBD721CEFBFBD2B1CEFBFBDEFBFBDEFBFBD7756064B3D32EFBFBD584759163257EFBFBDEFBFBDEFBFBDEFBFBDEFBFBDDBBDEFBFBD68EFBFBDEFBFBD76EFBFBDEFBFBDDBA23F2FEFBFBD78EFBFBD6B7256EFBFBD75EFBFBD4E37EFBFBD5CEFBFBDEFBFBDEFBFBD375300EFBFBD7431EFBFBDEFBFBD470A3F2AEFBFBD1AEFBFBD50EFBFBDEFBFBD7B6F1035EFBFBDEFBFBDEFBFBD1BEFBFBDEFBFBD491650EFBFBDEFBFBDEFBFBD773EEFBFBDEFBFBDEFBFBD34EFBFBD3D6CEFBFBDEFBFBD75732754EFBFBD7E2DEFBFBDEFBFBD0D3A6BEFBFBDEFBFBDEFBFBD68EFBFBDEFBFBD58EFBFBD1EEFBFBD0EEFBFBD78E28BAFEFBFBD47EFBFBDEFBFBDEFBFBD1EEFBFBDEFBFBD0867EFBFBD4A0DEFBFBD211DEFBFBD3648EFBFBD70EFBFBD6DEFBFBDEFBFBD3BCB88156311EFBFBDEFBFBD1E157A7F222BEFBFBDEFBFBDEFBFBDE2AE917964C8ACEFBFBD722326EFBFBDEFBFBD096DEFBFBD19EFBFBD2B5A4D73EFBFBD544DEFBFBDEFBFBDD4845AEFBFBD06EFBFBD52EFBFBDEFBFBD067CEFBFBD1D01EFBFBD7B13EFBFBD00EFBFBDEFBFBD79EFBFBDEFBFBDEFBFBDEFBFBD372D0CEFBFBD0CEFBFBD0457EFBFBD6B16506BEFBFBD11EFBFBD1B5BEFBFBD18EFBFBDEFBFBD3603EFBFBD3FEFBFBDEFBFBDEFBFBD66EFBFBD0FEFBFBDEFBFBD0F10472FEFBFBD374CEFBFBDEFBFBD29EFBFBDEFBFBDEFBFBD30770F5A78EFBFBDEFBFBDEFBFBDEFBFBDEFBFBDEFBFBDEFBFBD62514515EFBFBD7505145140051451400514514005145140051451401EEFBFBDEFBFBD0866EFBFBD64EFBFBDEFBFBD0568EFBFBDEFBFBD2FEFBFBDEFBFBD25EFBFBDEFBFBD551F527FEFBFBD773E31EFBFBD45EFBFBDEFBFBDEFBFBDEFBFBD0B47EFBFBDEFBFBDEFBFBD26217BEFBFBD767EEFBFBD3CEFBFBD7F7BEFBFBD74EFBFBD3CEFBFBDC2B5EFBFBDEFBFBDEFBFBDEFBFBDEFBFBDEFBFBD44EFBFBD73330EEFBFBD63EFBFBDEFBFBDEFBFBDEFBFBDEFBFBD50EFBFBDEFBFBDEFBFBDEFBFBDEFBFBD6B12C7A6EFBFBDEFBFBD5AEFBFBD1C2B1C3F32EFBFBD7A6FEFBFBD7DEFBFBD4E6B58EFBFBD3633EFBFBDEFBFBD26EFBFBDD08E6BEFBFBDD683EFBFBDEFBFBDEFBFBDEFBFBD5639EFBFBDEFBFBD39EFBFBD5073EFBFBD6B635CEFBFBD746944EFBFBDEFBFBDDFB9EFBFBD2867EFBFBDEFBFBDEFBFBDEFBFBDEFBFBDEFBFBDEFBFBD3349EFBFBD74EFBFBD765BEFBFBD000E7DEFBFBD62EFBFBD7B43EFBFBD4EEFBFBD65741BEFBFBDEFBFBDEFBFBDEFBFBDEFBFBD7F0EEFBFBDEFBFBDEFBFBD34EFBFBD6AEFBFBDEFBFBDEFBFBD51EFBFBDEFBFBD627BEFBFBD0FEFBFBD5D14D2B5EFBFBD18546F6EE59B8D367D2BEFBFBD77EFBFBD1229EFBFBDEFBFBD6BEFBFBD53EFBFBDEFBFBDEFBFBDEFBFBD48EFBFBD2BEFBFBDEFBFBD78EFBFBDEFBFBDEFBFBDEFBFBD00EFBFBDEFBFBD462EEFBFBD10EFBFBDEFBFBD37EFBFBD3031EFBFBDC6ABEFBFBD7A54EFBFBDEFBFBD0DDE9F08EFBFBD665F3EEFBFBD01EFBFBDEFBFBD381EEFBFBDEFBFBDEFBFBD5AEFBFBDEFBFBD0FEFBFBDEFBFBDEFBFBD6EEFBFBD09433807EFBFBD0B123F0CEFBFBD564BDD9DEFBFBD77EFBFBDEFBFBDEFBFBDEFBFBD3324D0B3EFBFBD41EFBFBD465846DD89EFBFBDEFBFBDEFBFBDDEB8EFBFBD12584B2037136D66EFBFBD3E770C0E5D78EFBFBD475E39EFBFBD6BEFBFBDD584EFBFBD732DEFBFBD07CC86640E1F27EFBFBD3CEFBFBDEFBFBD18EFBFBD7963656BEFBFBD69EFBFBDEFBFBD26EFBFBDEFBFBD2FEFBFBD73EFBFBD07EFBFBDEFBFBDEFBFBDEFBFBD535EEFBFBD127CEFBFBD23CCA452EFBFBD47EFBFBD36EFBFBD357B4F227200EFBFBDEFBFBDCA92EFBFBD763D184BEFBFBD5C28EFBFBDEFBFBDEFBFBDEFBFBDEFBFBD28EFBFBD02EFBFBD28EFBFBD02EFBFBD28EFBFBD03EFBFBD6C59EFBFBDEFBFBDEFBFBD161E3DCD8EEFBFBD0AEFBFBDEFBFBD22EFBFBDEFBFBD4AEFBFBDEFBFBDEFBFBD274135EFBFBDEFBFBD367EEFBFBD736C3FEFBFBD06EFBFBD3D6BEFBFBDC694EFBFBD7A26EFBFBD726DEFBFBDEFBFBD136EEFBFBDEFBFBD1302EFBFBDEFBFBDEFBFBD65580E474E7DEFBFBDEFBFBDEFBFBD3539EFBFBDEFBFBD4937EFBFBD0D0C6C176A20D880740BEFBFBDEFBFBD5EEFBFBDEFBFBDCBAB0B6FEFBFBDEFBFBDEFBFBDEFBFBDEFBFBDEFBFBD33106903EFBFBD5600EFBFBD40EFBFBDEFBFBDEFBFBDEFBFBDEFBFBD2BCDAC2D20EFBFBDEFBFBD2DEFBFBD60EFBFBD6C323F4CEFBFBD393D73DFB57452EFBFBD3673EFBFBD57691DC780EFBFBD1C757F1358EFBFBDD68EEFBFBDEFBFBD585CEFBFBDEFBFBD60627E61EFBFBDEFBFBD43EFBFBDDC823B1CEFBFBDEFBFBD63EFBFBD5A5FEFBFBD25171A5DEFBFBD146BEFBFBDEFBFBDEFBFBDEFBFBD0C6D60370FEFBFBDEFBFBDDEBBEFBFBD0AEFBFBD0D3D562B4859EFBFBDEFBFBD1AEFBFBD493D4C7C64EFBFBD1BEFBFBD4FEFBFBD11EFBFBDEFBFBDEFBFBD37EFBFBDDB8869EFBFBD0DEFBFBDEFBFBD0EEFBFBDEFBFBDEFBFBDEFBFBDEFBFBDEFBFBDEFBFBDEFBFBDEFBFBD74EFBFBDEFBFBDEFBFBDEFBFBD27EFBFBDEFBFBD752BEFBFBD0EEFBFBD0B35EFBFBD19EFBFBD0F6E39201F42EFBFBDEFBFBD157753EFBFBD62EFBFBDEFBFBD5CEFBFBD6238D3AF2DEFBFBD590BEFBFBD67EFBFBD041EEFBFBD773F5CD5BF19496DEFBFBDEFBFBD5AEFBFBD30EFBFBDEFBFBD3058EFBFBD383D73EFBFBDEFBFBDEFBFBDEFBFBD0026EFBFBDEAAC967AEFBFBDEFBFBDCAB334100DEFBFBD1DEFBFBDEFBFBDEFBFBDEFBFBDD6B6EFBFBD4DEFBFBDEFBFBDEFBFBD2969EFBFBD7467EFBFBDEFBFBD07EFBFBD3A74EFBFBD2DEFBFBDEFBFBDEFBFBD791F51EFBFBDEFBFBD2B1BEFBFBD62EFBFBD3740233D767DEFBFBD7D71EFBFBD1AEFBFBDEFBFBDEFBFBDCCBE2CEFBFBDEFBFBDEFBFBDC9963015EFBFBDEFBFBDEFBFBDEFBFBD00EFBFBDEFBFBDEFBFBD0C6C5DEFBFBDEFBFBDEFBFBD0E32EFBFBDEFBFBDEFBFBD575D17EFBFBDEFBFBDE5ACB5EFBFBDEFBFBD78EFBFBDD0B47BEFBFBD08007000EFBFBD31EFBFBD18EFBFBD5EEFBFBDEFBFBD21EFBFBD26420AEFBFBDEFBFBDEFBFBD2E5364CCBEEFBFBDEFBFBDEFBFBD51EFBFBDEFBFBD74EFBFBD6575621A28EFBFBDEFBFBD4EEFBFBDEFBFBDEFBFBD2800EFBFBDEFBFBD2800EFBFBDEFBFBD2800EFBFBD2603EFBFBD4903DA9B40EFBFBD401EC9A0EFBFBD56EFBFBDEFBFBD0B5B462CEFBFBD70EFBFBD642E79EFBFBD4903EFBFBDEFBFBD54D0A4EFBFBDEFBFBD596EEFBFBDEFBFBD46EFBFBD02EFBFBDEFBFBDEFBFBD70EFBFBDEFBFBD5729EFBFBD5EEFBFBD16EFBFBD1C06EFBFBD4B1FEFBFBDEFBFBDEFBFBDEFBFBD777EEFBFBD634C06EFBFBD7412EFBFBDEFBFBD33EFBFBD4FEFBFBD3FEFBFBD6F4DEFBFBDEFBFBDEFBFBD517BC99EEFBFBDEFBFBD6A71EFBFBDEFBFBDEFBFBD347AEFBFBD58EFBFBD35CCB2EFBFBDEFBFBD3FEFBFBD1BEFBFBDEFBFBD23EFBFBD02EFBFBDEFBFBD7D5E196EEFBFBD17EFBFBD29756FEFBFBD4824EFBFBDEFBFBD01282342323D0E14572923C5A978EFBFBDEFBFBD5168EFBFBD586CEFBFBDEFBFBD2656EFBFBD4AEFBFBDEFBFBD7DEFBFBDEFBFBDEFBFBDEFBFBD0F08EFBFBD1DEFBFBD5D5B4717EFBFBDEFBFBDEFBFBDEFBFBD093BEFBFBDEFBFBD32EFBFBD093FEFBFBD2A6AEFBFBD395AC4BAEFBFBDEFBFBDC78A7E18EFBFBD4EEFBFBDEFBFBD356C13EFBFBD4FEFBFBDC8ADEFBFBDEFBFBD3FCC8E3B6E5A4974EFBFBD3FEFBFBDEFBFBD360BEFBFBDEFBFBD51EFBFBDEFBFBDEFBFBD00EFBFBD19EFBFBDEFBFBDEFBFBD5A1BD191EFBFBD72EFBFBDEFBFBDEFBFBDD4971243EFBFBD786AEFBFBDEFBFBDEFBFBDEFBFBD73EFBFBDEFBFBDEFBFBDEFBFBD1FEFBFBD3A72EFBFBD26EFBFBD3CEFBFBD6EEFBFBD7F1358EFBFBDCD9574EFBFBD367BEFBFBD76EFBFBDEFBFBD35EFBFBD69741EEFBFBDEFBFBD7CEFBFBDEFBFBDC49845EFBFBD201C67EFBFBD20EFBFBDEFBFBDEFBFBD5C6346EFBFBDEFBFBD6BEFBFBD63EFBFBDEFBFBDEFBFBDEFBFBDEFBFBD60EFBFBDEFBFBD54EFBFBD5CEFBFBDEFBFBD5CEFBFBD0A406432EFBFBD5C755273EFBFBDD3A7EFBFBD5BD19FEFBFBD63EFBFBDEFBFBD34EFBFBD36EFBFBDEFBFBDC4930C71EFBFBDEFBFBDEFBFBDEFBFBDEFBFBDEFBFBD5102DCB11DEBB9BFEFBFBD776DEFBFBD4B38EFBFBD0C79EFBFBD37575264DD8C67DA8C55EFBFBD386D2464EFBFBD4515EFBFBD77EFBFBD1451400514514005145140051451401D47EFBFBDEFBFBD1AEFBFBD1859465A17643FEFBFBD1FEFBFBDEFBFBD74CDA5EFBFBDEFBFBDEFBFBD1AEFBFBD3C71EFBFBD19EFBFBD4BEFBFBD01EFBFBD71EFBFBDEFBFBDEFBFBD22191655EFBFBD10EFBFBDEFBFBD00EFBFBD00EFBFBD6AEFBFBDCCB3EFBFBD4D0BEFBFBDEFBFBD7E5201EFBFBD067D2BEFBFBDEFBFBD572DEFBFBD3AEFBFBD7CEFBFBD25EFBFBD69EFBFBDEFBFBD3A6DEFBFBDC2B179034CEFBFBDEFBFBD79EFBFBDD7B7EFBFBDEFBFBD71EFBFBDEFBFBDEFBFBD5AEFBFBDEFBFBDEFBFBD6E6E2F2331EFBFBDEFBFBD0D17EFBFBDEFBFBDCAA3EFBFBDEFBFBD39EFBFBD2BCFB448EFBFBDEFBFBDEFBFBD5B542C7CEFBFBDEFBFBDEFBFBD725471EFBFBDEFBFBD6BEFBFBD4DEFBFBDEFBFBD6DEFBFBDEFBFBD6924EFBFBD6ED0A8EFBFBD5C1C11EFBFBDEFBFBDEFBFBD320E7351256FEFBFBDEFBFBD2DEFBFBDEFBFBDD48DEFBFBD7FEFBFBD59EFBFBDEFBFBD182549424E256DEFBFBD0312EFBFBDEFBFBD4D496C1759EFBFBD5FEFBFBD4913113C2A42EFBFBDEFBFBD49047E4BEFBFBDC2B90B3B2D47EFBFBDEFBFBD18D7ADEFBFBD1313EFBFBD0068490AEFBFBDEFBFBDEFBFBDEFBFBD004E4E474E0D6FEFBFBDEFBFBDC9A1EFBFBD3A386DC798213E626FEFBFBD3CEFBFBDEFBFBDEFBFBDEFBFBDEFBFBDEFBFBD574EEFBFBDEFBFBD58EFBFBDEFBFBD25225CEFBFBD3677670B34EFBFBDEFBFBD1271D78C1FEFBFBD1AEFBFBDEFBFBD1BEFBFBDEFBFBD50EFBFBD680E0842086EEFBFBDEFBFBDD2BADF89102CEFBFBD69EFBFBDDB822136EFBFBD55EFBFBDEFBFBDEFBFBDEFBFBD7E1D2BEFBFBDD0ADEFBFBDEFBFBD65EFBFBD73EFBFBDEFBFBD64EFBFBDEFBFBDEFBFBD63EFBFBD4BEFBFBD65EFBFBDEFBFBD33EFBFBD233C5B5B3F30EFBFBD2A7EEFBFBDEFBFBDEFBFBD541F671BEFBFBD27EFBFBD6B21EFBFBD45623E6EEFBFBD0E3903EFBFBDEFBFBDEFBFBD5C661049EFBFBD63EFBFBD6B49EFBFBD1BEFBFBD4349EFBFBDD1A2EFBFBDEFBFBDEFBFBD5C6778EFBFBD514500145145001451450014EFBFBD12703BEFBFBD53EFBFBDCF9CEFBFBD1939EFBFBD401EEFBFBDEFBFBDEFBFBD65EFBFBDEFBFBD2ECBBFEFBFBD5F6EEFBFBD506471EFBFBDEFBFBDEFBFBDEFBFBDEFBFBD673B3B60492BEFBFBD07EFBFBDEFBFBD56EFBFBD3EEFBFBD60EFBFBDEFBFBD3BEFBFBD227E3BEFBFBD3FEFBFBD6FCA8B7B73EFBFBD2FEFBFBDEFBFBD1464EFBFBD51162339EFBFBDEFBFBD1FD6BAEFBFBD34EFBFBD63EFBFBD74DB9DEFBFBD7A11EFBFBD78EFBFBD646758EFBFBDEFBFBD7EEFBFBD46EFBFBDEFBFBD3DEFBFBD3EEFBFBDEFBFBD79EFBFBD6D6163EFBFBD16EFBFBD0F2C4DEFBFBDEFBFBDEFBFBDEFBFBDEFBFBD075FEFBFBD77EFBFBD7847EFBFBDEFBFBDEFBFBDEFBFBD05EFBFBD63250EEFBFBD2DEFBFBDEFBFBDEFBFBD6F25EFBFBDEFBFBD000A0EEFBFBD35EFBFBDEFBFBD78EFBFBDEFBFBD7325EFBFBDEFBFBD3C121269EFBFBDEFBFBD5F4C7F081F5AEFBFBD4EEFBFBD435846EFBFBD53EFBFBDEFBFBDEFBFBD75EFBFBDEFBFBD314CEFBFBD0F08EFBFBDEFBFBD1F280E73D7A1EFBFBDEFBFBDEFBFBDEFBFBD502EEFBFBDEFBFBDEFBFBD2DEFBFBD7BEFBFBD2A580C15EFBFBD0411EFBFBD37631ED593797DEFBFBD4AC99F2EEFBFBD51EFBFBDC888EFBFBDEFBFBD49EFBFBDEFBFBDEFBFBD7F5AC49AEFBFBD2F6CEFBFBD61EFBFBD436D7313EFBFBD2EEFBFBDEFBFBDEFBFBD7048EFBFBD3FEFBFBD545EE696B23A5D62EFBFBDEFBFBD34EFBFBD6224131EEFBFBD342C73EFBFBD6B332E3FEFBFBD73EFBFBD19D2A7EFBFBDEFBFBD76EFBFBD427FEFBFBDEFBFBD590FEFBFBDEFBFBD05763A36C9BC137B34EFBFBDEFBFBD22EFBFBDD9957DEFBFBD31EFBFBD01EFBFBD4D5FEFBFBD35EFBFBDEFBFBD7E080B765916EFBFBD49EFBFBD2073EFBFBD000FEFBFBD1AEFBFBDEFBFBDEFBFBDEFBFBDDABA67EFBFBDEFBFBD5E3DEFBFBDEFBFBDEFBFBDEFBFBD1CEFBFBDEFBFBDEFBFBDEFBFBDEFBFBD791FEFBFBDDAB3750BEFBFBD2BEFBFBDEFBFBD771C31EFBFBD5D66EFBFBDEFBFBD0D3EEFBFBD4B620365EFBFBDEFBFBD22EFBFBD0FEFBFBD00EFBFBD15EFBFBD5D38EFBFBD44EFBFBD71EFBFBDEFBFBD54EFBFBD004AEFBFBDEFBFBD19415DEFBFBDEFBFBD0C35143F2C4D15EFBFBD75EFBFBDEFBFBD51450014514500145145001535EFBFBDEFBFBD4CEFBFBD4FEFBFBD5E57EFBFBDEFBFBD350D03EFBFBD007A56EFBFBDEFBFBDEFBFBDEFBFBDEFBFBD0BEFBFBD24EFBFBDEFBFBDEFBFBD2A374218EFBFBDEFBFBDEFBFBDCAB72C6F745B1B7BEFBFBD3B4BC5BCEFBFBDEFBFBD777BEFBFBDEFBFBDEFBFBD7202EFBFBDEFBFBD73EFBFBD795FDA9A65EFBFBD413FEFBFBDEFBFBD03EFBFBD042BEFBFBDEFBFBDEFBFBDEFBFBDEFBFBD0B7B6916EFBFBD62EFBFBDEFBFBD5530EFBFBD1FEFBFBDEFBFBD7E1FCAB6EFBFBDEFBFBDEFBFBDEFBFBD4D353AEFBFBDEFBFBD42EFBFBD1B16EFBFBD2E6554EFBFBD093DC28C367AEFBFBD7FEFBFBDEFBFBDEFBFBD33EFBFBDEFBFBD0638EFBFBD54456B3FEFBFBD7CEFBFBD342FEFBFBD5321EFBFBD0FEFBFBDEFBFBDEFBFBD06EFBFBDEFBFBD2B64EFBFBDEFBFBDC989EFBFBD5C48EFBFBD18EFBFBD2075183FEFBFBD15EFBFBDEFBFBDEFBFBD67EFBFBD6C246CEFBFBD28D8A5EFBFBDEFBFBDEFBFBD287F0CEFBFBD59EFBFBDEFBFBDCB8BEFBFBD3660EFBFBD4B7F2CEFBFBD70EFBFBDDABC2CEFBFBD597CEFBFBDEFBFBD3820EFBFBDEFBFBDEFBFBD7D08EFBFBD4159EFBFBDEFBFBDEFBFBD7925EFBFBDEFBFBD7DEFBFBDEFBFBDEFBFBD3CEFBFBD0006EFBFBD463DEFBFBD0EEFBFBD4B4633EFBFBDEFBFBDC7B8EFBFBD405DEFBFBDEFBFBDEFBFBD3FEFBFBD49EFBFBD43EFBFBDEFBFBD0913EFBFBDEFBFBDEFBFBDEFBFBDEFBFBDEFBFBD00D9A9EFBFBDEFBFBD725CEFBFBDEFBFBD75EFBFBDEFBFBDEFBFBD6CEFBFBD3E34EFBFBD43EFBFBDEFBFBD01EFBFBDEFBFBD1DEFBFBDEFBFBDEFBFBDEFBFBDEFBFBD0FEFBFBD2C2DEFBFBD70EFBFBDEFBFBD4A3DEFBFBDEFBFBDEFBFBD7EEFBFBDEFBFBD19EFBFBD77EFBFBDEFBFBDEFBFBDEFBFBD2324EFBFBDEFBFBD35EFBFBD134D13EFBFBD5AEFBFBD202AEFBFBD167FEFBFBD48054FEFBFBD3C6B582D6EEFBFBDEFBFBDEFBFBD30EFBFBD2045EFBFBD76076C0CEFBFBD1BEFBFBD007F09EFBFBD1D2BEFBFBDEFBFBDEFBFBD61EFBFBD26EFBFBD63EFBFBD19EFBFBDEFBFBD67EFBFBDD7A96A6B0C5A44EFBFBDEFBFBD2F26EFBFBDEFBFBD13EFBFBD1EEFBFBD15EFBFBDEFBFBD25D3A4EFBFBD4DEFBFBD642004EFBFBD391EEFBFBDEFBFBDEFBFBDEFBFBDEFBFBDEFBFBDEFBFBD3DEFBFBD3450EFBFBD68EFBFBD53EFBFBD6D14514005145140051451400514514013EFBFBD297BEFBFBDEFBFBD1C79EFBFBD2E7EEFBFBDEFBFBDEFBFBDEFBFBD5AD59EEFBFBD33EFBFBD371857EFBFBDEFBFBDEFBFBD0FEFBFBD3A7BEFBFBD0C3218EFBFBD571D54EFBFBD5359EFBFBD47EFBFBDEFBFBD0EEFBFBD7BD693EFBFBDEFBFBD5DC990EFBFBDEFBFBD3EEFBFBDEFBFBDEFBFBDEFBFBDEFBFBDEFBFBD19096539EFBFBD002AEFBFBD1BEFBFBDEFBFBD067EEFBFBD22EFBFBDEFBFBD5073EFBFBDEFBFBD67500749EFBFBDEFBFBDEFBFBDEFBFBD53EFBFBDEFBFBDEFBFBD3DEFBFBDEFBFBDEFBFBDEFBFBD27EFBFBD56EFBFBD270CEFBFBD6F28EFBFBD07EFBFBDEFBFBDEFBFBDEFBFBDEFBFBDEFBFBD1BC68225EFBFBD0E37480B7BEFBFBDEFBFBD35EFBFBD791178EFBFBDEFBFBD1E71EFBFBDEFBFBD5BEFBFBDEFBFBD6EEFBFBD2A7C5663EFBFBDEFBFBD404CEFBFBDEFBFBDEFBFBDEFBFBD49EFBFBDEFBFBDEFBFBDEFBFBDEFBFBD2856323DEFBFBD2141EFBFBD5229EFBFBDEFBFBD443D1864511DDC96EFBFBDEFBFBD424718EFBFBDEFBFBD7746493BEFBFBDEFBFBDDD8D5BC4965A7212D0ACEFBFBD73EB83B8EFBFBDEFBFBD22EFBFBDEFBFBD3B26EFBFBD63EFBFBD4837EFBFBDEFBFBDEFBFBD3DEFBFBD3F5CEFBFBD595E19EFBFBDEFBFBDEFBFBD1EEFBFBDEFBFBDEFBFBD7CEFBFBD3EEFBFBDEFBFBD76EFBFBD29EFBFBD27EFBFBD43EFBFBD2AEFBFBD687CEFBFBDEFBFBD7215EFBFBD5F6F514968EFBFBDEFBFBD5BEFBFBDEFBFBD743C3E524CEFBFBD3EEFBFBD53EFBFBDEFBFBDEFBFBDEFBFBD5DEFBFBDEFBFBDEFBFBDEFBFBDEFBFBD2A28EFBFBDEFBFBD0A28EFBFBDEFBFBD0A28EFBFBDEFBFBD0A28EFBFBDEFBFBD0A28EFBFBDEFBFBD1771EFBFBD076149451400EFBFBD4839157A0BEFBFBD6DEFBFBDEFBFBDEFBFBD07EFBFBDEFBFBD6AEFBFBD4EEFBFBDEFBFBD3EEFBFBD516D6C4CEFBFBD7BEFBFBDEFBFBDEFBFBDEFBFBD49200FEFBFBD4C1B7AEFBFBD3EEFBFBDEFBFBDEFBFBD47EFBFBDEFBFBDEFBFBDEFBFBD46EFBFBD7D4E6AEFBFBDEFBFBD6724EFBFBDEFBFBDEFBFBD4BEFBFBD6C02EFBFBDEFBFBDEFBFBDEFBFBDEFBFBD34EFBFBD69EFBFBD5A2BEFBFBD4003EFBFBD0AEFBFBDEFBFBD245731EFBFBDEFBFBDEFBFBDEFBFBD003AEFBFBDEFBFBD7DEFBFBD41EFBFBD2C33EFBFBDEFBFBD3D69EFBFBDEFBFBD124B720BEFBFBD613B6EEFBFBD2A5BEFBFBD5676EFBFBDEFBFBD76EFBFBD38EFBFBDEFBFBD6B5354DD8A34514549414514500145145001451450014514500145145001572CEFBFBD6DEFBFBDEFBFBDEFBFBDEFBFBD71DC99EFBFBD4FEFBFBD5BEFBFBD4023EFBFBD6AEFBFBDEFBFBDEFBFBD0F4A28EFBFBDEFBFBDEFBFBDEFBFBD6B1274EFBFBD3B08EFBFBDEFBFBDEFBFBDEFBFBDEFBFBD2B73EFBFBD49EFBFBDEFBFBD2FEFBFBDEFBFBD1F7ADBA72DEFBFBD4514527BEFBFBD3B1FEFBFBDEFBFBD);
/*!40000 ALTER TABLE `pegawai` ENABLE KEYS */;

-- 
-- Definition of pejabatpenilai
-- 

DROP TABLE IF EXISTS `pejabatpenilai`;
CREATE TABLE IF NOT EXISTS `pejabatpenilai` (
  `Id` int(11) NOT NULL AUTO_INCREMENT,
  `NIP` int(18) NOT NULL,
  `UserId` varchar(128) NOT NULL,
  PRIMARY KEY (`Id`),
  KEY `fk_PejabatPenilai_Pegawai1_idx` (`NIP`),
  KEY `fk_PejabatPenilai_users1_idx` (`UserId`),
  CONSTRAINT `fk_PejabatPenilai_Pegawai1` FOREIGN KEY (`NIP`) REFERENCES `pegawai` (`NIP`) ON DELETE NO ACTION ON UPDATE NO ACTION,
  CONSTRAINT `fk_PejabatPenilai_users1` FOREIGN KEY (`UserId`) REFERENCES `aspnetusers` (`Id`) ON DELETE NO ACTION ON UPDATE NO ACTION
) ENGINE=InnoDB AUTO_INCREMENT=2 DEFAULT CHARSET=latin1;

-- 
-- Dumping data for table pejabatpenilai
-- 

/*!40000 ALTER TABLE `pejabatpenilai` DISABLE KEYS */;
INSERT INTO `pejabatpenilai`(`Id`,`NIP`,`UserId`) VALUES
(1,12345645,'0f62fa26-5aa7-4b00-a1da-217315324f5a');
/*!40000 ALTER TABLE `pejabatpenilai` ENABLE KEYS */;

-- 
-- Definition of penilaian
-- 

DROP TABLE IF EXISTS `penilaian`;
CREATE TABLE IF NOT EXISTS `penilaian` (
  `IdPenilaian` int(11) NOT NULL AUTO_INCREMENT,
  `TahunPeriode` int(5) DEFAULT NULL,
  `NIP` int(18) NOT NULL,
  `PejabatPenilaiId` int(11) NOT NULL,
  PRIMARY KEY (`IdPenilaian`),
  KEY `fk_Penilaian_Pegawai1_idx` (`NIP`),
  KEY `fk_Penilaian_PejabatPenilai1_idx` (`PejabatPenilaiId`),
  CONSTRAINT `fk_Penilaian_Pegawai1` FOREIGN KEY (`NIP`) REFERENCES `pegawai` (`NIP`) ON DELETE NO ACTION ON UPDATE NO ACTION,
  CONSTRAINT `fk_Penilaian_PejabatPenilai1` FOREIGN KEY (`PejabatPenilaiId`) REFERENCES `pejabatpenilai` (`Id`) ON DELETE NO ACTION ON UPDATE NO ACTION
) ENGINE=InnoDB AUTO_INCREMENT=11 DEFAULT CHARSET=latin1;

-- 
-- Dumping data for table penilaian
-- 

/*!40000 ALTER TABLE `penilaian` DISABLE KEYS */;
INSERT INTO `penilaian`(`IdPenilaian`,`TahunPeriode`,`NIP`,`PejabatPenilaiId`) VALUES
(8,20173,12345643,1),
(9,20173,12345645,1),
(10,20173,123456789,1);
/*!40000 ALTER TABLE `penilaian` ENABLE KEYS */;


/*!40101 SET SQL_MODE=@OLD_SQL_MODE */;
/*!40014 SET FOREIGN_KEY_CHECKS=@OLD_FOREIGN_KEY_CHECKS */;
/*!40014 SET UNIQUE_CHECKS=@OLD_UNIQUE_CHECKS */;
/*!40101 SET CHARACTER_SET_CLIENT=@OLD_CHARACTER_SET_CLIENT */;
/*!40101 SET CHARACTER_SET_RESULTS=@OLD_CHARACTER_SET_RESULTS */;
/*!40101 SET COLLATION_CONNECTION=@OLD_COLLATION_CONNECTION */;
/*!40111 SET SQL_NOTES=@OLD_SQL_NOTES */;


-- Dump completed on 2017-09-23 10:15:14
-- Total time: 0:0:0:1:203 (d:h:m:s:ms)
